{
    "response": {
        "total": "275",
        "dateFormat": "YYYY-MM-DD\"T\"HH24",
        "frequency": "hourly",
        "data": [
            {
                "period": "2022-03-15T00",
                "subba": "ZONA",
                "subba-name": "West - NYIS",
                "parent": "NYIS",
                "parent-name": "New York Independent System Operator",
                "value": "1804",
                "value-units": "megawatthours"
            },
            {
                "period": "2022-03-15T00",
                "subba": "ZONB",
                "subba-name": "Genesee - NYIS",
                "parent": "NYIS",
                "parent-name": "New York Independent System Operator",
                "value": "1161",
                "value-units": "megawatthours"
            },
            {
                "period": "2022-03-15T00",
                "subba": "ZONC",
                "subba-name": "Central - NYIS",
                "parent": "NYIS",
                "parent-name": "New York Independent System Operator",
                "value": "1852",
                "value-units": "megawatthours"
            },
            {
                "period": "2022-03-15T00",
                "subba": "ZOND",
                "subba-name": "North - NYIS",
                "parent": "NYIS",
                "parent-name": "New York Independent System Operator",
                "value": "736",
                "value-units": "megawatthours"
            },
            {
                "period": "2022-03-15T00",
                "subba": "ZONE",
                "subba-name": "Mohawk Valley - NYIS",
                "parent": "NYIS",
                "parent-name": "New York Independent System Operator",
                "value": "958",
                "value-units": "megawatthours"
            },
            {
                "period": "2022-03-15T00",
                "subba": "ZONF",
                "subba-name": "Capital - NYIS",
                "parent": "NYIS",
                "parent-name": "New York Independent System Operator",
                "value": "1450",
                "value-units": "megawatthours"
            },
            {
                "period": "2022-03-15T00",
                "subba": "ZONG",
                "subba-name": "Hudson Valley - NYIS",
                "parent": "NYIS",
                "parent-name": "New York Independent System Operator",
                "value": "1131",
                "value-units": "megawatthours"
            },
            {
                "period": "2022-03-15T00",
                "subba": "ZONH",
                "subba-name": "Millwood - NYIS",
                "parent": "NYIS",
                "parent-name": "New York Independent System Operator",
                "value": "355",
                "value-units": "megawatthours"
            },
            {
                "period": "2022-03-15T00",
                "subba": "ZONI",
                "subba-name": "Dunwoodie - NYIS",
                "parent": "NYIS",
                "parent-name": "New York Independent System Operator",
                "value": "668",
                "value-units": "megawatthours"
            },
            {
                "period": "2022-03-15T00",
                "subba": "ZONJ",
                "subba-name": "New York City - NYIS",
                "parent": "NYIS",
                "parent-name": "New York Independent System Operator",
                "value": "5697",
                "value-units": "megawatthours"
            },
            {
                "period": "2022-03-15T00",
                "subba": "ZONK",
                "subba-name": "Long Island - NYIS",
                "parent": "NYIS",
                "parent-name": "New York Independent System Operator",
                "value": "2377",
                "value-units": "megawatthours"
            },
            {
                "period": "2022-03-14T23",
                "subba": "ZONA",
                "subba-name": "West - NYIS",
                "parent": "NYIS",
                "parent-name": "New York Independent System Operator",
                "value": "1757",
                "value-units": "megawatthours"
            },
            {
                "period": "2022-03-14T23",
                "subba": "ZONB",
                "subba-name": "Genesee - NYIS",
                "parent": "NYIS",
                "parent-name": "New York Independent System Operator",
                "value": "1116",
                "value-units": "megawatthours"
            },
            {
                "period": "2022-03-14T23",
                "subba": "ZONC",
                "subba-name": "Central - NYIS",
                "parent": "NYIS",
                "parent-name": "New York Independent System Operator",
                "value": "1789",
                "value-units": "megawatthours"
            },
            {
                "period": "2022-03-14T23",
                "subba": "ZOND",
                "subba-name": "North - NYIS",
                "parent": "NYIS",
                "parent-name": "New York Independent System Operator",
                "value": "717",
                "value-units": "megawatthours"
            },
            {
                "period": "2022-03-14T23",
                "subba": "ZONE",
                "subba-name": "Mohawk Valley - NYIS",
                "parent": "NYIS",
                "parent-name": "New York Independent System Operator",
                "value": "915",
                "value-units": "megawatthours"
            },
            {
                "period": "2022-03-14T23",
                "subba": "ZONF",
                "subba-name": "Capital - NYIS",
                "parent": "NYIS",
                "parent-name": "New York Independent System Operator",
                "value": "1398",
                "value-units": "megawatthours"
            },
            {
                "period": "2022-03-14T23",
                "subba": "ZONG",
                "subba-name": "Hudson Valley - NYIS",
                "parent": "NYIS",
                "parent-name": "New York Independent System Operator",
                "value": "1059",
                "value-units": "megawatthours"
            },
            {
                "period": "2022-03-14T23",
                "subba": "ZONH",
                "subba-name": "Millwood - NYIS",
                "parent": "NYIS",
                "parent-name": "New York Independent System Operator",
                "value": "332",
                "value-units": "megawatthours"
            },
            {
                "period": "2022-03-14T23",
                "subba": "ZONI",
                "subba-name": "Dunwoodie - NYIS",
                "parent": "NYIS",
                "parent-name": "New York Independent System Operator",
                "value": "642",
                "value-units": "megawatthours"
            },
            {
                "period": "2022-03-14T23",
                "subba": "ZONJ",
                "subba-name": "New York City - NYIS",
                "parent": "NYIS",
                "parent-name": "New York Independent System Operator",
                "value": "5659",
                "value-units": "megawatthours"
            },
            {
                "period": "2022-03-14T23",
                "subba": "ZONK",
                "subba-name": "Long Island - NYIS",
                "parent": "NYIS",
                "parent-name": "New York Independent System Operator",
                "value": "2248",
                "value-units": "megawatthours"
            },
            {
                "period": "2022-03-14T22",
                "subba": "ZONA",
                "subba-name": "West - NYIS",
                "parent": "NYIS",
                "parent-name": "New York Independent System Operator",
                "value": "1726",
                "value-units": "megawatthours"
            },
            {
                "period": "2022-03-14T22",
                "subba": "ZONB",
                "subba-name": "Genesee - NYIS",
                "parent": "NYIS",
                "parent-name": "New York Independent System Operator",
                "value": "1084",
                "value-units": "megawatthours"
            },
            {
                "period": "2022-03-14T22",
                "subba": "ZONC",
                "subba-name": "Central - NYIS",
                "parent": "NYIS",
                "parent-name": "New York Independent System Operator",
                "value": "1727",
                "value-units": "megawatthours"
            },
            {
                "period": "2022-03-14T22",
                "subba": "ZOND",
                "subba-name": "North - NYIS",
                "parent": "NYIS",
                "parent-name": "New York Independent System Operator",
                "value": "713",
                "value-units": "megawatthours"
            },
            {
                "period": "2022-03-14T22",
                "subba": "ZONE",
                "subba-name": "Mohawk Valley - NYIS",
                "parent": "NYIS",
                "parent-name": "New York Independent System Operator",
                "value": "880",
                "value-units": "megawatthours"
            },
            {
                "period": "2022-03-14T22",
                "subba": "ZONF",
                "subba-name": "Capital - NYIS",
                "parent": "NYIS",
                "parent-name": "New York Independent System Operator",
                "value": "1312",
                "value-units": "megawatthours"
            },
            {
                "period": "2022-03-14T22",
                "subba": "ZONG",
                "subba-name": "Hudson Valley - NYIS",
                "parent": "NYIS",
                "parent-name": "New York Independent System Operator",
                "value": "956",
                "value-units": "megawatthours"
            },
            {
                "period": "2022-03-14T22",
                "subba": "ZONH",
                "subba-name": "Millwood - NYIS",
                "parent": "NYIS",
                "parent-name": "New York Independent System Operator",
                "value": "318",
                "value-units": "megawatthours"
            },
            {
                "period": "2022-03-14T22",
                "subba": "ZONI",
                "subba-name": "Dunwoodie - NYIS",
                "parent": "NYIS",
                "parent-name": "New York Independent System Operator",
                "value": "620",
                "value-units": "megawatthours"
            },
            {
                "period": "2022-03-14T22",
                "subba": "ZONJ",
                "subba-name": "New York City - NYIS",
                "parent": "NYIS",
                "parent-name": "New York Independent System Operator",
                "value": "5692",
                "value-units": "megawatthours"
            },
            {
                "period": "2022-03-14T22",
                "subba": "ZONK",
                "subba-name": "Long Island - NYIS",
                "parent": "NYIS",
                "parent-name": "New York Independent System Operator",
                "value": "2075",
                "value-units": "megawatthours"
            },
            {
                "period": "2022-03-14T21",
                "subba": "ZONA",
                "subba-name": "West - NYIS",
                "parent": "NYIS",
                "parent-name": "New York Independent System Operator",
                "value": "1702",
                "value-units": "megawatthours"
            },
            {
                "period": "2022-03-14T21",
                "subba": "ZONB",
                "subba-name": "Genesee - NYIS",
                "parent": "NYIS",
                "parent-name": "New York Independent System Operator",
                "value": "1043",
                "value-units": "megawatthours"
            },
            {
                "period": "2022-03-14T21",
                "subba": "ZONC",
                "subba-name": "Central - NYIS",
                "parent": "NYIS",
                "parent-name": "New York Independent System Operator",
                "value": "1655",
                "value-units": "megawatthours"
            },
            {
                "period": "2022-03-14T21",
                "subba": "ZOND",
                "subba-name": "North - NYIS",
                "parent": "NYIS",
                "parent-name": "New York Independent System Operator",
                "value": "696",
                "value-units": "megawatthours"
            },
            {
                "period": "2022-03-14T21",
                "subba": "ZONE",
                "subba-name": "Mohawk Valley - NYIS",
                "parent": "NYIS",
                "parent-name": "New York Independent System Operator",
                "value": "836",
                "value-units": "megawatthours"
            },
            {
                "period": "2022-03-14T21",
                "subba": "ZONF",
                "subba-name": "Capital - NYIS",
                "parent": "NYIS",
                "parent-name": "New York Independent System Operator",
                "value": "1202",
                "value-units": "megawatthours"
            },
            {
                "period": "2022-03-14T21",
                "subba": "ZONG",
                "subba-name": "Hudson Valley - NYIS",
                "parent": "NYIS",
                "parent-name": "New York Independent System Operator",
                "value": "847",
                "value-units": "megawatthours"
            },
            {
                "period": "2022-03-14T21",
                "subba": "ZONH",
                "subba-name": "Millwood - NYIS",
                "parent": "NYIS",
                "parent-name": "New York Independent System Operator",
                "value": "300",
                "value-units": "megawatthours"
            },
            {
                "period": "2022-03-14T21",
                "subba": "ZONI",
                "subba-name": "Dunwoodie - NYIS",
                "parent": "NYIS",
                "parent-name": "New York Independent System Operator",
                "value": "610",
                "value-units": "megawatthours"
            },
            {
                "period": "2022-03-14T21",
                "subba": "ZONJ",
                "subba-name": "New York City - NYIS",
                "parent": "NYIS",
                "parent-name": "New York Independent System Operator",
                "value": "5662",
                "value-units": "megawatthours"
            },
            {
                "period": "2022-03-14T21",
                "subba": "ZONK",
                "subba-name": "Long Island - NYIS",
                "parent": "NYIS",
                "parent-name": "New York Independent System Operator",
                "value": "1899",
                "value-units": "megawatthours"
            },
            {
                "period": "2022-03-14T20",
                "subba": "ZONA",
                "subba-name": "West - NYIS",
                "parent": "NYIS",
                "parent-name": "New York Independent System Operator",
                "value": "1703",
                "value-units": "megawatthours"
            },
            {
                "period": "2022-03-14T20",
                "subba": "ZONB",
                "subba-name": "Genesee - NYIS",
                "parent": "NYIS",
                "parent-name": "New York Independent System Operator",
                "value": "1029",
                "value-units": "megawatthours"
            },
            {
                "period": "2022-03-14T20",
                "subba": "ZONC",
                "subba-name": "Central - NYIS",
                "parent": "NYIS",
                "parent-name": "New York Independent System Operator",
                "value": "1615",
                "value-units": "megawatthours"
            },
            {
                "period": "2022-03-14T20",
                "subba": "ZOND",
                "subba-name": "North - NYIS",
                "parent": "NYIS",
                "parent-name": "New York Independent System Operator",
                "value": "700",
                "value-units": "megawatthours"
            },
            {
                "period": "2022-03-14T20",
                "subba": "ZONE",
                "subba-name": "Mohawk Valley - NYIS",
                "parent": "NYIS",
                "parent-name": "New York Independent System Operator",
                "value": "796",
                "value-units": "megawatthours"
            },
            {
                "period": "2022-03-14T20",
                "subba": "ZONF",
                "subba-name": "Capital - NYIS",
                "parent": "NYIS",
                "parent-name": "New York Independent System Operator",
                "value": "1096",
                "value-units": "megawatthours"
            },
            {
                "period": "2022-03-14T20",
                "subba": "ZONG",
                "subba-name": "Hudson Valley - NYIS",
                "parent": "NYIS",
                "parent-name": "New York Independent System Operator",
                "value": "788",
                "value-units": "megawatthours"
            },
            {
                "period": "2022-03-14T20",
                "subba": "ZONH",
                "subba-name": "Millwood - NYIS",
                "parent": "NYIS",
                "parent-name": "New York Independent System Operator",
                "value": "292",
                "value-units": "megawatthours"
            },
            {
                "period": "2022-03-14T20",
                "subba": "ZONI",
                "subba-name": "Dunwoodie - NYIS",
                "parent": "NYIS",
                "parent-name": "New York Independent System Operator",
                "value": "597",
                "value-units": "megawatthours"
            },
            {
                "period": "2022-03-14T20",
                "subba": "ZONJ",
                "subba-name": "New York City - NYIS",
                "parent": "NYIS",
                "parent-name": "New York Independent System Operator",
                "value": "5639",
                "value-units": "megawatthours"
            },
            {
                "period": "2022-03-14T20",
                "subba": "ZONK",
                "subba-name": "Long Island - NYIS",
                "parent": "NYIS",
                "parent-name": "New York Independent System Operator",
                "value": "1771",
                "value-units": "megawatthours"
            },
            {
                "period": "2022-03-14T19",
                "subba": "ZONA",
                "subba-name": "West - NYIS",
                "parent": "NYIS",
                "parent-name": "New York Independent System Operator",
                "value": "1694",
                "value-units": "megawatthours"
            },
            {
                "period": "2022-03-14T19",
                "subba": "ZONB",
                "subba-name": "Genesee - NYIS",
                "parent": "NYIS",
                "parent-name": "New York Independent System Operator",
                "value": "1027",
                "value-units": "megawatthours"
            },
            {
                "period": "2022-03-14T19",
                "subba": "ZONC",
                "subba-name": "Central - NYIS",
                "parent": "NYIS",
                "parent-name": "New York Independent System Operator",
                "value": "1636",
                "value-units": "megawatthours"
            },
            {
                "period": "2022-03-14T19",
                "subba": "ZOND",
                "subba-name": "North - NYIS",
                "parent": "NYIS",
                "parent-name": "New York Independent System Operator",
                "value": "705",
                "value-units": "megawatthours"
            },
            {
                "period": "2022-03-14T19",
                "subba": "ZONE",
                "subba-name": "Mohawk Valley - NYIS",
                "parent": "NYIS",
                "parent-name": "New York Independent System Operator",
                "value": "786",
                "value-units": "megawatthours"
            },
            {
                "period": "2022-03-14T19",
                "subba": "ZONF",
                "subba-name": "Capital - NYIS",
                "parent": "NYIS",
                "parent-name": "New York Independent System Operator",
                "value": "1083",
                "value-units": "megawatthours"
            },
            {
                "period": "2022-03-14T19",
                "subba": "ZONG",
                "subba-name": "Hudson Valley - NYIS",
                "parent": "NYIS",
                "parent-name": "New York Independent System Operator",
                "value": "772",
                "value-units": "megawatthours"
            },
            {
                "period": "2022-03-14T19",
                "subba": "ZONH",
                "subba-name": "Millwood - NYIS",
                "parent": "NYIS",
                "parent-name": "New York Independent System Operator",
                "value": "292",
                "value-units": "megawatthours"
            },
            {
                "period": "2022-03-14T19",
                "subba": "ZONI",
                "subba-name": "Dunwoodie - NYIS",
                "parent": "NYIS",
                "parent-name": "New York Independent System Operator",
                "value": "597",
                "value-units": "megawatthours"
            },
            {
                "period": "2022-03-14T19",
                "subba": "ZONJ",
                "subba-name": "New York City - NYIS",
                "parent": "NYIS",
                "parent-name": "New York Independent System Operator",
                "value": "5640",
                "value-units": "megawatthours"
            },
            {
                "period": "2022-03-14T19",
                "subba": "ZONK",
                "subba-name": "Long Island - NYIS",
                "parent": "NYIS",
                "parent-name": "New York Independent System Operator",
                "value": "1708",
                "value-units": "megawatthours"
            },
            {
                "period": "2022-03-14T18",
                "subba": "ZONA",
                "subba-name": "West - NYIS",
                "parent": "NYIS",
                "parent-name": "New York Independent System Operator",
                "value": "1734",
                "value-units": "megawatthours"
            },
            {
                "period": "2022-03-14T18",
                "subba": "ZONB",
                "subba-name": "Genesee - NYIS",
                "parent": "NYIS",
                "parent-name": "New York Independent System Operator",
                "value": "1056",
                "value-units": "megawatthours"
            },
            {
                "period": "2022-03-14T18",
                "subba": "ZONC",
                "subba-name": "Central - NYIS",
                "parent": "NYIS",
                "parent-name": "New York Independent System Operator",
                "value": "1600",
                "value-units": "megawatthours"
            },
            {
                "period": "2022-03-14T18",
                "subba": "ZOND",
                "subba-name": "North - NYIS",
                "parent": "NYIS",
                "parent-name": "New York Independent System Operator",
                "value": "706",
                "value-units": "megawatthours"
            },
            {
                "period": "2022-03-14T18",
                "subba": "ZONE",
                "subba-name": "Mohawk Valley - NYIS",
                "parent": "NYIS",
                "parent-name": "New York Independent System Operator",
                "value": "781",
                "value-units": "megawatthours"
            },
            {
                "period": "2022-03-14T18",
                "subba": "ZONF",
                "subba-name": "Capital - NYIS",
                "parent": "NYIS",
                "parent-name": "New York Independent System Operator",
                "value": "1113",
                "value-units": "megawatthours"
            },
            {
                "period": "2022-03-14T18",
                "subba": "ZONG",
                "subba-name": "Hudson Valley - NYIS",
                "parent": "NYIS",
                "parent-name": "New York Independent System Operator",
                "value": "790",
                "value-units": "megawatthours"
            },
            {
                "period": "2022-03-14T18",
                "subba": "ZONH",
                "subba-name": "Millwood - NYIS",
                "parent": "NYIS",
                "parent-name": "New York Independent System Operator",
                "value": "298",
                "value-units": "megawatthours"
            },
            {
                "period": "2022-03-14T18",
                "subba": "ZONI",
                "subba-name": "Dunwoodie - NYIS",
                "parent": "NYIS",
                "parent-name": "New York Independent System Operator",
                "value": "606",
                "value-units": "megawatthours"
            },
            {
                "period": "2022-03-14T18",
                "subba": "ZONJ",
                "subba-name": "New York City - NYIS",
                "parent": "NYIS",
                "parent-name": "New York Independent System Operator",
                "value": "5703",
                "value-units": "megawatthours"
            },
            {
                "period": "2022-03-14T18",
                "subba": "ZONK",
                "subba-name": "Long Island - NYIS",
                "parent": "NYIS",
                "parent-name": "New York Independent System Operator",
                "value": "1715",
                "value-units": "megawatthours"
            },
            {
                "period": "2022-03-14T17",
                "subba": "ZONA",
                "subba-name": "West - NYIS",
                "parent": "NYIS",
                "parent-name": "New York Independent System Operator",
                "value": "1783",
                "value-units": "megawatthours"
            },
            {
                "period": "2022-03-14T17",
                "subba": "ZONB",
                "subba-name": "Genesee - NYIS",
                "parent": "NYIS",
                "parent-name": "New York Independent System Operator",
                "value": "1051",
                "value-units": "megawatthours"
            },
            {
                "period": "2022-03-14T17",
                "subba": "ZONC",
                "subba-name": "Central - NYIS",
                "parent": "NYIS",
                "parent-name": "New York Independent System Operator",
                "value": "1586",
                "value-units": "megawatthours"
            },
            {
                "period": "2022-03-14T17",
                "subba": "ZOND",
                "subba-name": "North - NYIS",
                "parent": "NYIS",
                "parent-name": "New York Independent System Operator",
                "value": "719",
                "value-units": "megawatthours"
            },
            {
                "period": "2022-03-14T17",
                "subba": "ZONE",
                "subba-name": "Mohawk Valley - NYIS",
                "parent": "NYIS",
                "parent-name": "New York Independent System Operator",
                "value": "800",
                "value-units": "megawatthours"
            },
            {
                "period": "2022-03-14T17",
                "subba": "ZONF",
                "subba-name": "Capital - NYIS",
                "parent": "NYIS",
                "parent-name": "New York Independent System Operator",
                "value": "1148",
                "value-units": "megawatthours"
            },
            {
                "period": "2022-03-14T17",
                "subba": "ZONG",
                "subba-name": "Hudson Valley - NYIS",
                "parent": "NYIS",
                "parent-name": "New York Independent System Operator",
                "value": "816",
                "value-units": "megawatthours"
            },
            {
                "period": "2022-03-14T17",
                "subba": "ZONH",
                "subba-name": "Millwood - NYIS",
                "parent": "NYIS",
                "parent-name": "New York Independent System Operator",
                "value": "311",
                "value-units": "megawatthours"
            },
            {
                "period": "2022-03-14T17",
                "subba": "ZONI",
                "subba-name": "Dunwoodie - NYIS",
                "parent": "NYIS",
                "parent-name": "New York Independent System Operator",
                "value": "616",
                "value-units": "megawatthours"
            },
            {
                "period": "2022-03-14T17",
                "subba": "ZONJ",
                "subba-name": "New York City - NYIS",
                "parent": "NYIS",
                "parent-name": "New York Independent System Operator",
                "value": "5771",
                "value-units": "megawatthours"
            },
            {
                "period": "2022-03-14T17",
                "subba": "ZONK",
                "subba-name": "Long Island - NYIS",
                "parent": "NYIS",
                "parent-name": "New York Independent System Operator",
                "value": "1755",
                "value-units": "megawatthours"
            },
            {
                "period": "2022-03-14T16",
                "subba": "ZONA",
                "subba-name": "West - NYIS",
                "parent": "NYIS",
                "parent-name": "New York Independent System Operator",
                "value": "1795",
                "value-units": "megawatthours"
            },
            {
                "period": "2022-03-14T16",
                "subba": "ZONB",
                "subba-name": "Genesee - NYIS",
                "parent": "NYIS",
                "parent-name": "New York Independent System Operator",
                "value": "1056",
                "value-units": "megawatthours"
            },
            {
                "period": "2022-03-14T16",
                "subba": "ZONC",
                "subba-name": "Central - NYIS",
                "parent": "NYIS",
                "parent-name": "New York Independent System Operator",
                "value": "1696",
                "value-units": "megawatthours"
            },
            {
                "period": "2022-03-14T16",
                "subba": "ZOND",
                "subba-name": "North - NYIS",
                "parent": "NYIS",
                "parent-name": "New York Independent System Operator",
                "value": "740",
                "value-units": "megawatthours"
            },
            {
                "period": "2022-03-14T16",
                "subba": "ZONE",
                "subba-name": "Mohawk Valley - NYIS",
                "parent": "NYIS",
                "parent-name": "New York Independent System Operator",
                "value": "837",
                "value-units": "megawatthours"
            },
            {
                "period": "2022-03-14T16",
                "subba": "ZONF",
                "subba-name": "Capital - NYIS",
                "parent": "NYIS",
                "parent-name": "New York Independent System Operator",
                "value": "1219",
                "value-units": "megawatthours"
            },
            {
                "period": "2022-03-14T16",
                "subba": "ZONG",
                "subba-name": "Hudson Valley - NYIS",
                "parent": "NYIS",
                "parent-name": "New York Independent System Operator",
                "value": "865",
                "value-units": "megawatthours"
            },
            {
                "period": "2022-03-14T16",
                "subba": "ZONH",
                "subba-name": "Millwood - NYIS",
                "parent": "NYIS",
                "parent-name": "New York Independent System Operator",
                "value": "319",
                "value-units": "megawatthours"
            },
            {
                "period": "2022-03-14T16",
                "subba": "ZONI",
                "subba-name": "Dunwoodie - NYIS",
                "parent": "NYIS",
                "parent-name": "New York Independent System Operator",
                "value": "630",
                "value-units": "megawatthours"
            },
            {
                "period": "2022-03-14T16",
                "subba": "ZONJ",
                "subba-name": "New York City - NYIS",
                "parent": "NYIS",
                "parent-name": "New York Independent System Operator",
                "value": "5823",
                "value-units": "megawatthours"
            },
            {
                "period": "2022-03-14T16",
                "subba": "ZONK",
                "subba-name": "Long Island - NYIS",
                "parent": "NYIS",
                "parent-name": "New York Independent System Operator",
                "value": "1820",
                "value-units": "megawatthours"
            },
            {
                "period": "2022-03-14T15",
                "subba": "ZONA",
                "subba-name": "West - NYIS",
                "parent": "NYIS",
                "parent-name": "New York Independent System Operator",
                "value": "1815",
                "value-units": "megawatthours"
            },
            {
                "period": "2022-03-14T15",
                "subba": "ZONB",
                "subba-name": "Genesee - NYIS",
                "parent": "NYIS",
                "parent-name": "New York Independent System Operator",
                "value": "1095",
                "value-units": "megawatthours"
            },
            {
                "period": "2022-03-14T15",
                "subba": "ZONC",
                "subba-name": "Central - NYIS",
                "parent": "NYIS",
                "parent-name": "New York Independent System Operator",
                "value": "1815",
                "value-units": "megawatthours"
            },
            {
                "period": "2022-03-14T15",
                "subba": "ZOND",
                "subba-name": "North - NYIS",
                "parent": "NYIS",
                "parent-name": "New York Independent System Operator",
                "value": "748",
                "value-units": "megawatthours"
            },
            {
                "period": "2022-03-14T15",
                "subba": "ZONE",
                "subba-name": "Mohawk Valley - NYIS",
                "parent": "NYIS",
                "parent-name": "New York Independent System Operator",
                "value": "879",
                "value-units": "megawatthours"
            },
            {
                "period": "2022-03-14T15",
                "subba": "ZONF",
                "subba-name": "Capital - NYIS",
                "parent": "NYIS",
                "parent-name": "New York Independent System Operator",
                "value": "1288",
                "value-units": "megawatthours"
            },
            {
                "period": "2022-03-14T15",
                "subba": "ZONG",
                "subba-name": "Hudson Valley - NYIS",
                "parent": "NYIS",
                "parent-name": "New York Independent System Operator",
                "value": "939",
                "value-units": "megawatthours"
            },
            {
                "period": "2022-03-14T15",
                "subba": "ZONH",
                "subba-name": "Millwood - NYIS",
                "parent": "NYIS",
                "parent-name": "New York Independent System Operator",
                "value": "334",
                "value-units": "megawatthours"
            },
            {
                "period": "2022-03-14T15",
                "subba": "ZONI",
                "subba-name": "Dunwoodie - NYIS",
                "parent": "NYIS",
                "parent-name": "New York Independent System Operator",
                "value": "647",
                "value-units": "megawatthours"
            },
            {
                "period": "2022-03-14T15",
                "subba": "ZONJ",
                "subba-name": "New York City - NYIS",
                "parent": "NYIS",
                "parent-name": "New York Independent System Operator",
                "value": "5858",
                "value-units": "megawatthours"
            },
            {
                "period": "2022-03-14T15",
                "subba": "ZONK",
                "subba-name": "Long Island - NYIS",
                "parent": "NYIS",
                "parent-name": "New York Independent System Operator",
                "value": "1903",
                "value-units": "megawatthours"
            },
            {
                "period": "2022-03-14T14",
                "subba": "ZONA",
                "subba-name": "West - NYIS",
                "parent": "NYIS",
                "parent-name": "New York Independent System Operator",
                "value": "1861",
                "value-units": "megawatthours"
            },
            {
                "period": "2022-03-14T14",
                "subba": "ZONB",
                "subba-name": "Genesee - NYIS",
                "parent": "NYIS",
                "parent-name": "New York Independent System Operator",
                "value": "1160",
                "value-units": "megawatthours"
            },
            {
                "period": "2022-03-14T14",
                "subba": "ZONC",
                "subba-name": "Central - NYIS",
                "parent": "NYIS",
                "parent-name": "New York Independent System Operator",
                "value": "1935",
                "value-units": "megawatthours"
            },
            {
                "period": "2022-03-14T14",
                "subba": "ZOND",
                "subba-name": "North - NYIS",
                "parent": "NYIS",
                "parent-name": "New York Independent System Operator",
                "value": "735",
                "value-units": "megawatthours"
            },
            {
                "period": "2022-03-14T14",
                "subba": "ZONE",
                "subba-name": "Mohawk Valley - NYIS",
                "parent": "NYIS",
                "parent-name": "New York Independent System Operator",
                "value": "931",
                "value-units": "megawatthours"
            },
            {
                "period": "2022-03-14T14",
                "subba": "ZONF",
                "subba-name": "Capital - NYIS",
                "parent": "NYIS",
                "parent-name": "New York Independent System Operator",
                "value": "1387",
                "value-units": "megawatthours"
            },
            {
                "period": "2022-03-14T14",
                "subba": "ZONG",
                "subba-name": "Hudson Valley - NYIS",
                "parent": "NYIS",
                "parent-name": "New York Independent System Operator",
                "value": "1033",
                "value-units": "megawatthours"
            },
            {
                "period": "2022-03-14T14",
                "subba": "ZONH",
                "subba-name": "Millwood - NYIS",
                "parent": "NYIS",
                "parent-name": "New York Independent System Operator",
                "value": "347",
                "value-units": "megawatthours"
            },
            {
                "period": "2022-03-14T14",
                "subba": "ZONI",
                "subba-name": "Dunwoodie - NYIS",
                "parent": "NYIS",
                "parent-name": "New York Independent System Operator",
                "value": "665",
                "value-units": "megawatthours"
            },
            {
                "period": "2022-03-14T14",
                "subba": "ZONJ",
                "subba-name": "New York City - NYIS",
                "parent": "NYIS",
                "parent-name": "New York Independent System Operator",
                "value": "5869",
                "value-units": "megawatthours"
            },
            {
                "period": "2022-03-14T14",
                "subba": "ZONK",
                "subba-name": "Long Island - NYIS",
                "parent": "NYIS",
                "parent-name": "New York Independent System Operator",
                "value": "2030",
                "value-units": "megawatthours"
            },
            {
                "period": "2022-03-14T13",
                "subba": "ZONA",
                "subba-name": "West - NYIS",
                "parent": "NYIS",
                "parent-name": "New York Independent System Operator",
                "value": "1879",
                "value-units": "megawatthours"
            },
            {
                "period": "2022-03-14T13",
                "subba": "ZONB",
                "subba-name": "Genesee - NYIS",
                "parent": "NYIS",
                "parent-name": "New York Independent System Operator",
                "value": "1225",
                "value-units": "megawatthours"
            },
            {
                "period": "2022-03-14T13",
                "subba": "ZONC",
                "subba-name": "Central - NYIS",
                "parent": "NYIS",
                "parent-name": "New York Independent System Operator",
                "value": "2028",
                "value-units": "megawatthours"
            },
            {
                "period": "2022-03-14T13",
                "subba": "ZOND",
                "subba-name": "North - NYIS",
                "parent": "NYIS",
                "parent-name": "New York Independent System Operator",
                "value": "762",
                "value-units": "megawatthours"
            },
            {
                "period": "2022-03-14T13",
                "subba": "ZONE",
                "subba-name": "Mohawk Valley - NYIS",
                "parent": "NYIS",
                "parent-name": "New York Independent System Operator",
                "value": "990",
                "value-units": "megawatthours"
            },
            {
                "period": "2022-03-14T13",
                "subba": "ZONF",
                "subba-name": "Capital - NYIS",
                "parent": "NYIS",
                "parent-name": "New York Independent System Operator",
                "value": "1472",
                "value-units": "megawatthours"
            },
            {
                "period": "2022-03-14T13",
                "subba": "ZONG",
                "subba-name": "Hudson Valley - NYIS",
                "parent": "NYIS",
                "parent-name": "New York Independent System Operator",
                "value": "1125",
                "value-units": "megawatthours"
            },
            {
                "period": "2022-03-14T13",
                "subba": "ZONH",
                "subba-name": "Millwood - NYIS",
                "parent": "NYIS",
                "parent-name": "New York Independent System Operator",
                "value": "362",
                "value-units": "megawatthours"
            },
            {
                "period": "2022-03-14T13",
                "subba": "ZONI",
                "subba-name": "Dunwoodie - NYIS",
                "parent": "NYIS",
                "parent-name": "New York Independent System Operator",
                "value": "671",
                "value-units": "megawatthours"
            },
            {
                "period": "2022-03-14T13",
                "subba": "ZONJ",
                "subba-name": "New York City - NYIS",
                "parent": "NYIS",
                "parent-name": "New York Independent System Operator",
                "value": "5744",
                "value-units": "megawatthours"
            },
            {
                "period": "2022-03-14T13",
                "subba": "ZONK",
                "subba-name": "Long Island - NYIS",
                "parent": "NYIS",
                "parent-name": "New York Independent System Operator",
                "value": "2167",
                "value-units": "megawatthours"
            },
            {
                "period": "2022-03-14T12",
                "subba": "ZONA",
                "subba-name": "West - NYIS",
                "parent": "NYIS",
                "parent-name": "New York Independent System Operator",
                "value": "1867",
                "value-units": "megawatthours"
            },
            {
                "period": "2022-03-14T12",
                "subba": "ZONB",
                "subba-name": "Genesee - NYIS",
                "parent": "NYIS",
                "parent-name": "New York Independent System Operator",
                "value": "1214",
                "value-units": "megawatthours"
            },
            {
                "period": "2022-03-14T12",
                "subba": "ZONC",
                "subba-name": "Central - NYIS",
                "parent": "NYIS",
                "parent-name": "New York Independent System Operator",
                "value": "2065",
                "value-units": "megawatthours"
            },
            {
                "period": "2022-03-14T12",
                "subba": "ZOND",
                "subba-name": "North - NYIS",
                "parent": "NYIS",
                "parent-name": "New York Independent System Operator",
                "value": "751",
                "value-units": "megawatthours"
            },
            {
                "period": "2022-03-14T12",
                "subba": "ZONE",
                "subba-name": "Mohawk Valley - NYIS",
                "parent": "NYIS",
                "parent-name": "New York Independent System Operator",
                "value": "1017",
                "value-units": "megawatthours"
            },
            {
                "period": "2022-03-14T12",
                "subba": "ZONF",
                "subba-name": "Capital - NYIS",
                "parent": "NYIS",
                "parent-name": "New York Independent System Operator",
                "value": "1483",
                "value-units": "megawatthours"
            },
            {
                "period": "2022-03-14T12",
                "subba": "ZONG",
                "subba-name": "Hudson Valley - NYIS",
                "parent": "NYIS",
                "parent-name": "New York Independent System Operator",
                "value": "1137",
                "value-units": "megawatthours"
            },
            {
                "period": "2022-03-14T12",
                "subba": "ZONH",
                "subba-name": "Millwood - NYIS",
                "parent": "NYIS",
                "parent-name": "New York Independent System Operator",
                "value": "380",
                "value-units": "megawatthours"
            },
            {
                "period": "2022-03-14T12",
                "subba": "ZONI",
                "subba-name": "Dunwoodie - NYIS",
                "parent": "NYIS",
                "parent-name": "New York Independent System Operator",
                "value": "675",
                "value-units": "megawatthours"
            },
            {
                "period": "2022-03-14T12",
                "subba": "ZONJ",
                "subba-name": "New York City - NYIS",
                "parent": "NYIS",
                "parent-name": "New York Independent System Operator",
                "value": "5519",
                "value-units": "megawatthours"
            },
            {
                "period": "2022-03-14T12",
                "subba": "ZONK",
                "subba-name": "Long Island - NYIS",
                "parent": "NYIS",
                "parent-name": "New York Independent System Operator",
                "value": "2225",
                "value-units": "megawatthours"
            },
            {
                "period": "2022-03-14T11",
                "subba": "ZONA",
                "subba-name": "West - NYIS",
                "parent": "NYIS",
                "parent-name": "New York Independent System Operator",
                "value": "1788",
                "value-units": "megawatthours"
            },
            {
                "period": "2022-03-14T11",
                "subba": "ZONB",
                "subba-name": "Genesee - NYIS",
                "parent": "NYIS",
                "parent-name": "New York Independent System Operator",
                "value": "1144",
                "value-units": "megawatthours"
            },
            {
                "period": "2022-03-14T11",
                "subba": "ZONC",
                "subba-name": "Central - NYIS",
                "parent": "NYIS",
                "parent-name": "New York Independent System Operator",
                "value": "1974",
                "value-units": "megawatthours"
            },
            {
                "period": "2022-03-14T11",
                "subba": "ZOND",
                "subba-name": "North - NYIS",
                "parent": "NYIS",
                "parent-name": "New York Independent System Operator",
                "value": "731",
                "value-units": "megawatthours"
            },
            {
                "period": "2022-03-14T11",
                "subba": "ZONE",
                "subba-name": "Mohawk Valley - NYIS",
                "parent": "NYIS",
                "parent-name": "New York Independent System Operator",
                "value": "954",
                "value-units": "megawatthours"
            },
            {
                "period": "2022-03-14T11",
                "subba": "ZONF",
                "subba-name": "Capital - NYIS",
                "parent": "NYIS",
                "parent-name": "New York Independent System Operator",
                "value": "1393",
                "value-units": "megawatthours"
            },
            {
                "period": "2022-03-14T11",
                "subba": "ZONG",
                "subba-name": "Hudson Valley - NYIS",
                "parent": "NYIS",
                "parent-name": "New York Independent System Operator",
                "value": "1085",
                "value-units": "megawatthours"
            },
            {
                "period": "2022-03-14T11",
                "subba": "ZONH",
                "subba-name": "Millwood - NYIS",
                "parent": "NYIS",
                "parent-name": "New York Independent System Operator",
                "value": "356",
                "value-units": "megawatthours"
            },
            {
                "period": "2022-03-14T11",
                "subba": "ZONI",
                "subba-name": "Dunwoodie - NYIS",
                "parent": "NYIS",
                "parent-name": "New York Independent System Operator",
                "value": "615",
                "value-units": "megawatthours"
            },
            {
                "period": "2022-03-14T11",
                "subba": "ZONJ",
                "subba-name": "New York City - NYIS",
                "parent": "NYIS",
                "parent-name": "New York Independent System Operator",
                "value": "5105",
                "value-units": "megawatthours"
            },
            {
                "period": "2022-03-14T11",
                "subba": "ZONK",
                "subba-name": "Long Island - NYIS",
                "parent": "NYIS",
                "parent-name": "New York Independent System Operator",
                "value": "2098",
                "value-units": "megawatthours"
            },
            {
                "period": "2022-03-14T10",
                "subba": "ZONA",
                "subba-name": "West - NYIS",
                "parent": "NYIS",
                "parent-name": "New York Independent System Operator",
                "value": "1664",
                "value-units": "megawatthours"
            },
            {
                "period": "2022-03-14T10",
                "subba": "ZONB",
                "subba-name": "Genesee - NYIS",
                "parent": "NYIS",
                "parent-name": "New York Independent System Operator",
                "value": "1038",
                "value-units": "megawatthours"
            },
            {
                "period": "2022-03-14T10",
                "subba": "ZONC",
                "subba-name": "Central - NYIS",
                "parent": "NYIS",
                "parent-name": "New York Independent System Operator",
                "value": "1797",
                "value-units": "megawatthours"
            },
            {
                "period": "2022-03-14T10",
                "subba": "ZOND",
                "subba-name": "North - NYIS",
                "parent": "NYIS",
                "parent-name": "New York Independent System Operator",
                "value": "706",
                "value-units": "megawatthours"
            },
            {
                "period": "2022-03-14T10",
                "subba": "ZONE",
                "subba-name": "Mohawk Valley - NYIS",
                "parent": "NYIS",
                "parent-name": "New York Independent System Operator",
                "value": "869",
                "value-units": "megawatthours"
            },
            {
                "period": "2022-03-14T10",
                "subba": "ZONF",
                "subba-name": "Capital - NYIS",
                "parent": "NYIS",
                "parent-name": "New York Independent System Operator",
                "value": "1279",
                "value-units": "megawatthours"
            },
            {
                "period": "2022-03-14T10",
                "subba": "ZONG",
                "subba-name": "Hudson Valley - NYIS",
                "parent": "NYIS",
                "parent-name": "New York Independent System Operator",
                "value": "995",
                "value-units": "megawatthours"
            },
            {
                "period": "2022-03-14T10",
                "subba": "ZONH",
                "subba-name": "Millwood - NYIS",
                "parent": "NYIS",
                "parent-name": "New York Independent System Operator",
                "value": "320",
                "value-units": "megawatthours"
            },
            {
                "period": "2022-03-14T10",
                "subba": "ZONI",
                "subba-name": "Dunwoodie - NYIS",
                "parent": "NYIS",
                "parent-name": "New York Independent System Operator",
                "value": "552",
                "value-units": "megawatthours"
            },
            {
                "period": "2022-03-14T10",
                "subba": "ZONJ",
                "subba-name": "New York City - NYIS",
                "parent": "NYIS",
                "parent-name": "New York Independent System Operator",
                "value": "4690",
                "value-units": "megawatthours"
            },
            {
                "period": "2022-03-14T10",
                "subba": "ZONK",
                "subba-name": "Long Island - NYIS",
                "parent": "NYIS",
                "parent-name": "New York Independent System Operator",
                "value": "1908",
                "value-units": "megawatthours"
            },
            {
                "period": "2022-03-14T09",
                "subba": "ZONA",
                "subba-name": "West - NYIS",
                "parent": "NYIS",
                "parent-name": "New York Independent System Operator",
                "value": "1587",
                "value-units": "megawatthours"
            },
            {
                "period": "2022-03-14T09",
                "subba": "ZONB",
                "subba-name": "Genesee - NYIS",
                "parent": "NYIS",
                "parent-name": "New York Independent System Operator",
                "value": "969",
                "value-units": "megawatthours"
            },
            {
                "period": "2022-03-14T09",
                "subba": "ZONC",
                "subba-name": "Central - NYIS",
                "parent": "NYIS",
                "parent-name": "New York Independent System Operator",
                "value": "1675",
                "value-units": "megawatthours"
            },
            {
                "period": "2022-03-14T09",
                "subba": "ZOND",
                "subba-name": "North - NYIS",
                "parent": "NYIS",
                "parent-name": "New York Independent System Operator",
                "value": "689",
                "value-units": "megawatthours"
            },
            {
                "period": "2022-03-14T09",
                "subba": "ZONE",
                "subba-name": "Mohawk Valley - NYIS",
                "parent": "NYIS",
                "parent-name": "New York Independent System Operator",
                "value": "809",
                "value-units": "megawatthours"
            },
            {
                "period": "2022-03-14T09",
                "subba": "ZONF",
                "subba-name": "Capital - NYIS",
                "parent": "NYIS",
                "parent-name": "New York Independent System Operator",
                "value": "1213",
                "value-units": "megawatthours"
            },
            {
                "period": "2022-03-14T09",
                "subba": "ZONG",
                "subba-name": "Hudson Valley - NYIS",
                "parent": "NYIS",
                "parent-name": "New York Independent System Operator",
                "value": "945",
                "value-units": "megawatthours"
            },
            {
                "period": "2022-03-14T09",
                "subba": "ZONH",
                "subba-name": "Millwood - NYIS",
                "parent": "NYIS",
                "parent-name": "New York Independent System Operator",
                "value": "301",
                "value-units": "megawatthours"
            },
            {
                "period": "2022-03-14T09",
                "subba": "ZONI",
                "subba-name": "Dunwoodie - NYIS",
                "parent": "NYIS",
                "parent-name": "New York Independent System Operator",
                "value": "524",
                "value-units": "megawatthours"
            },
            {
                "period": "2022-03-14T09",
                "subba": "ZONJ",
                "subba-name": "New York City - NYIS",
                "parent": "NYIS",
                "parent-name": "New York Independent System Operator",
                "value": "4491",
                "value-units": "megawatthours"
            },
            {
                "period": "2022-03-14T09",
                "subba": "ZONK",
                "subba-name": "Long Island - NYIS",
                "parent": "NYIS",
                "parent-name": "New York Independent System Operator",
                "value": "1814",
                "value-units": "megawatthours"
            },
            {
                "period": "2022-03-14T08",
                "subba": "ZONA",
                "subba-name": "West - NYIS",
                "parent": "NYIS",
                "parent-name": "New York Independent System Operator",
                "value": "1563",
                "value-units": "megawatthours"
            },
            {
                "period": "2022-03-14T08",
                "subba": "ZONB",
                "subba-name": "Genesee - NYIS",
                "parent": "NYIS",
                "parent-name": "New York Independent System Operator",
                "value": "942",
                "value-units": "megawatthours"
            },
            {
                "period": "2022-03-14T08",
                "subba": "ZONC",
                "subba-name": "Central - NYIS",
                "parent": "NYIS",
                "parent-name": "New York Independent System Operator",
                "value": "1635",
                "value-units": "megawatthours"
            },
            {
                "period": "2022-03-14T08",
                "subba": "ZOND",
                "subba-name": "North - NYIS",
                "parent": "NYIS",
                "parent-name": "New York Independent System Operator",
                "value": "686",
                "value-units": "megawatthours"
            },
            {
                "period": "2022-03-14T08",
                "subba": "ZONE",
                "subba-name": "Mohawk Valley - NYIS",
                "parent": "NYIS",
                "parent-name": "New York Independent System Operator",
                "value": "787",
                "value-units": "megawatthours"
            },
            {
                "period": "2022-03-14T08",
                "subba": "ZONF",
                "subba-name": "Capital - NYIS",
                "parent": "NYIS",
                "parent-name": "New York Independent System Operator",
                "value": "1193",
                "value-units": "megawatthours"
            },
            {
                "period": "2022-03-14T08",
                "subba": "ZONG",
                "subba-name": "Hudson Valley - NYIS",
                "parent": "NYIS",
                "parent-name": "New York Independent System Operator",
                "value": "931",
                "value-units": "megawatthours"
            },
            {
                "period": "2022-03-14T08",
                "subba": "ZONH",
                "subba-name": "Millwood - NYIS",
                "parent": "NYIS",
                "parent-name": "New York Independent System Operator",
                "value": "298",
                "value-units": "megawatthours"
            },
            {
                "period": "2022-03-14T08",
                "subba": "ZONI",
                "subba-name": "Dunwoodie - NYIS",
                "parent": "NYIS",
                "parent-name": "New York Independent System Operator",
                "value": "519",
                "value-units": "megawatthours"
            },
            {
                "period": "2022-03-14T08",
                "subba": "ZONJ",
                "subba-name": "New York City - NYIS",
                "parent": "NYIS",
                "parent-name": "New York Independent System Operator",
                "value": "4468",
                "value-units": "megawatthours"
            },
            {
                "period": "2022-03-14T08",
                "subba": "ZONK",
                "subba-name": "Long Island - NYIS",
                "parent": "NYIS",
                "parent-name": "New York Independent System Operator",
                "value": "1781",
                "value-units": "megawatthours"
            },
            {
                "period": "2022-03-14T07",
                "subba": "ZONA",
                "subba-name": "West - NYIS",
                "parent": "NYIS",
                "parent-name": "New York Independent System Operator",
                "value": "1556",
                "value-units": "megawatthours"
            },
            {
                "period": "2022-03-14T07",
                "subba": "ZONB",
                "subba-name": "Genesee - NYIS",
                "parent": "NYIS",
                "parent-name": "New York Independent System Operator",
                "value": "969",
                "value-units": "megawatthours"
            },
            {
                "period": "2022-03-14T07",
                "subba": "ZONC",
                "subba-name": "Central - NYIS",
                "parent": "NYIS",
                "parent-name": "New York Independent System Operator",
                "value": "1660",
                "value-units": "megawatthours"
            },
            {
                "period": "2022-03-14T07",
                "subba": "ZOND",
                "subba-name": "North - NYIS",
                "parent": "NYIS",
                "parent-name": "New York Independent System Operator",
                "value": "705",
                "value-units": "megawatthours"
            },
            {
                "period": "2022-03-14T07",
                "subba": "ZONE",
                "subba-name": "Mohawk Valley - NYIS",
                "parent": "NYIS",
                "parent-name": "New York Independent System Operator",
                "value": "811",
                "value-units": "megawatthours"
            },
            {
                "period": "2022-03-14T07",
                "subba": "ZONF",
                "subba-name": "Capital - NYIS",
                "parent": "NYIS",
                "parent-name": "New York Independent System Operator",
                "value": "1225",
                "value-units": "megawatthours"
            },
            {
                "period": "2022-03-14T07",
                "subba": "ZONG",
                "subba-name": "Hudson Valley - NYIS",
                "parent": "NYIS",
                "parent-name": "New York Independent System Operator",
                "value": "967",
                "value-units": "megawatthours"
            },
            {
                "period": "2022-03-14T07",
                "subba": "ZONH",
                "subba-name": "Millwood - NYIS",
                "parent": "NYIS",
                "parent-name": "New York Independent System Operator",
                "value": "311",
                "value-units": "megawatthours"
            },
            {
                "period": "2022-03-14T07",
                "subba": "ZONI",
                "subba-name": "Dunwoodie - NYIS",
                "parent": "NYIS",
                "parent-name": "New York Independent System Operator",
                "value": "549",
                "value-units": "megawatthours"
            },
            {
                "period": "2022-03-14T07",
                "subba": "ZONJ",
                "subba-name": "New York City - NYIS",
                "parent": "NYIS",
                "parent-name": "New York Independent System Operator",
                "value": "4719",
                "value-units": "megawatthours"
            },
            {
                "period": "2022-03-14T07",
                "subba": "ZONK",
                "subba-name": "Long Island - NYIS",
                "parent": "NYIS",
                "parent-name": "New York Independent System Operator",
                "value": "1886",
                "value-units": "megawatthours"
            },
            {
                "period": "2022-03-14T06",
                "subba": "ZONA",
                "subba-name": "West - NYIS",
                "parent": "NYIS",
                "parent-name": "New York Independent System Operator",
                "value": "1566",
                "value-units": "megawatthours"
            },
            {
                "period": "2022-03-14T06",
                "subba": "ZONB",
                "subba-name": "Genesee - NYIS",
                "parent": "NYIS",
                "parent-name": "New York Independent System Operator",
                "value": "1000",
                "value-units": "megawatthours"
            },
            {
                "period": "2022-03-14T06",
                "subba": "ZONC",
                "subba-name": "Central - NYIS",
                "parent": "NYIS",
                "parent-name": "New York Independent System Operator",
                "value": "1706",
                "value-units": "megawatthours"
            },
            {
                "period": "2022-03-14T06",
                "subba": "ZOND",
                "subba-name": "North - NYIS",
                "parent": "NYIS",
                "parent-name": "New York Independent System Operator",
                "value": "717",
                "value-units": "megawatthours"
            },
            {
                "period": "2022-03-14T06",
                "subba": "ZONE",
                "subba-name": "Mohawk Valley - NYIS",
                "parent": "NYIS",
                "parent-name": "New York Independent System Operator",
                "value": "830",
                "value-units": "megawatthours"
            },
            {
                "period": "2022-03-14T06",
                "subba": "ZONF",
                "subba-name": "Capital - NYIS",
                "parent": "NYIS",
                "parent-name": "New York Independent System Operator",
                "value": "1261",
                "value-units": "megawatthours"
            },
            {
                "period": "2022-03-14T06",
                "subba": "ZONG",
                "subba-name": "Hudson Valley - NYIS",
                "parent": "NYIS",
                "parent-name": "New York Independent System Operator",
                "value": "1001",
                "value-units": "megawatthours"
            },
            {
                "period": "2022-03-14T06",
                "subba": "ZONH",
                "subba-name": "Millwood - NYIS",
                "parent": "NYIS",
                "parent-name": "New York Independent System Operator",
                "value": "325",
                "value-units": "megawatthours"
            },
            {
                "period": "2022-03-14T06",
                "subba": "ZONI",
                "subba-name": "Dunwoodie - NYIS",
                "parent": "NYIS",
                "parent-name": "New York Independent System Operator",
                "value": "575",
                "value-units": "megawatthours"
            },
            {
                "period": "2022-03-14T06",
                "subba": "ZONJ",
                "subba-name": "New York City - NYIS",
                "parent": "NYIS",
                "parent-name": "New York Independent System Operator",
                "value": "4951",
                "value-units": "megawatthours"
            },
            {
                "period": "2022-03-14T06",
                "subba": "ZONK",
                "subba-name": "Long Island - NYIS",
                "parent": "NYIS",
                "parent-name": "New York Independent System Operator",
                "value": "1989",
                "value-units": "megawatthours"
            },
            {
                "period": "2022-03-14T05",
                "subba": "ZONA",
                "subba-name": "West - NYIS",
                "parent": "NYIS",
                "parent-name": "New York Independent System Operator",
                "value": "1567",
                "value-units": "megawatthours"
            },
            {
                "period": "2022-03-14T05",
                "subba": "ZONB",
                "subba-name": "Genesee - NYIS",
                "parent": "NYIS",
                "parent-name": "New York Independent System Operator",
                "value": "999",
                "value-units": "megawatthours"
            },
            {
                "period": "2022-03-14T05",
                "subba": "ZONC",
                "subba-name": "Central - NYIS",
                "parent": "NYIS",
                "parent-name": "New York Independent System Operator",
                "value": "1706",
                "value-units": "megawatthours"
            },
            {
                "period": "2022-03-14T05",
                "subba": "ZOND",
                "subba-name": "North - NYIS",
                "parent": "NYIS",
                "parent-name": "New York Independent System Operator",
                "value": "717",
                "value-units": "megawatthours"
            },
            {
                "period": "2022-03-14T05",
                "subba": "ZONE",
                "subba-name": "Mohawk Valley - NYIS",
                "parent": "NYIS",
                "parent-name": "New York Independent System Operator",
                "value": "830",
                "value-units": "megawatthours"
            },
            {
                "period": "2022-03-14T05",
                "subba": "ZONF",
                "subba-name": "Capital - NYIS",
                "parent": "NYIS",
                "parent-name": "New York Independent System Operator",
                "value": "1262",
                "value-units": "megawatthours"
            },
            {
                "period": "2022-03-14T05",
                "subba": "ZONG",
                "subba-name": "Hudson Valley - NYIS",
                "parent": "NYIS",
                "parent-name": "New York Independent System Operator",
                "value": "1002",
                "value-units": "megawatthours"
            },
            {
                "period": "2022-03-14T05",
                "subba": "ZONH",
                "subba-name": "Millwood - NYIS",
                "parent": "NYIS",
                "parent-name": "New York Independent System Operator",
                "value": "324",
                "value-units": "megawatthours"
            },
            {
                "period": "2022-03-14T05",
                "subba": "ZONI",
                "subba-name": "Dunwoodie - NYIS",
                "parent": "NYIS",
                "parent-name": "New York Independent System Operator",
                "value": "575",
                "value-units": "megawatthours"
            },
            {
                "period": "2022-03-14T05",
                "subba": "ZONJ",
                "subba-name": "New York City - NYIS",
                "parent": "NYIS",
                "parent-name": "New York Independent System Operator",
                "value": "4953",
                "value-units": "megawatthours"
            },
            {
                "period": "2022-03-14T05",
                "subba": "ZONK",
                "subba-name": "Long Island - NYIS",
                "parent": "NYIS",
                "parent-name": "New York Independent System Operator",
                "value": "1989",
                "value-units": "megawatthours"
            },
            {
                "period": "2022-03-14T04",
                "subba": "ZONA",
                "subba-name": "West - NYIS",
                "parent": "NYIS",
                "parent-name": "New York Independent System Operator",
                "value": "1631",
                "value-units": "megawatthours"
            },
            {
                "period": "2022-03-14T04",
                "subba": "ZONB",
                "subba-name": "Genesee - NYIS",
                "parent": "NYIS",
                "parent-name": "New York Independent System Operator",
                "value": "1024",
                "value-units": "megawatthours"
            },
            {
                "period": "2022-03-14T04",
                "subba": "ZONC",
                "subba-name": "Central - NYIS",
                "parent": "NYIS",
                "parent-name": "New York Independent System Operator",
                "value": "1748",
                "value-units": "megawatthours"
            },
            {
                "period": "2022-03-14T04",
                "subba": "ZOND",
                "subba-name": "North - NYIS",
                "parent": "NYIS",
                "parent-name": "New York Independent System Operator",
                "value": "717",
                "value-units": "megawatthours"
            },
            {
                "period": "2022-03-14T04",
                "subba": "ZONE",
                "subba-name": "Mohawk Valley - NYIS",
                "parent": "NYIS",
                "parent-name": "New York Independent System Operator",
                "value": "857",
                "value-units": "megawatthours"
            },
            {
                "period": "2022-03-14T04",
                "subba": "ZONF",
                "subba-name": "Capital - NYIS",
                "parent": "NYIS",
                "parent-name": "New York Independent System Operator",
                "value": "1300",
                "value-units": "megawatthours"
            },
            {
                "period": "2022-03-14T04",
                "subba": "ZONG",
                "subba-name": "Hudson Valley - NYIS",
                "parent": "NYIS",
                "parent-name": "New York Independent System Operator",
                "value": "1048",
                "value-units": "megawatthours"
            },
            {
                "period": "2022-03-14T04",
                "subba": "ZONH",
                "subba-name": "Millwood - NYIS",
                "parent": "NYIS",
                "parent-name": "New York Independent System Operator",
                "value": "324",
                "value-units": "megawatthours"
            },
            {
                "period": "2022-03-14T04",
                "subba": "ZONI",
                "subba-name": "Dunwoodie - NYIS",
                "parent": "NYIS",
                "parent-name": "New York Independent System Operator",
                "value": "601",
                "value-units": "megawatthours"
            },
            {
                "period": "2022-03-14T04",
                "subba": "ZONJ",
                "subba-name": "New York City - NYIS",
                "parent": "NYIS",
                "parent-name": "New York Independent System Operator",
                "value": "5104",
                "value-units": "megawatthours"
            },
            {
                "period": "2022-03-14T04",
                "subba": "ZONK",
                "subba-name": "Long Island - NYIS",
                "parent": "NYIS",
                "parent-name": "New York Independent System Operator",
                "value": "2068",
                "value-units": "megawatthours"
            },
            {
                "period": "2022-03-14T03",
                "subba": "ZONA",
                "subba-name": "West - NYIS",
                "parent": "NYIS",
                "parent-name": "New York Independent System Operator",
                "value": "1729",
                "value-units": "megawatthours"
            },
            {
                "period": "2022-03-14T03",
                "subba": "ZONB",
                "subba-name": "Genesee - NYIS",
                "parent": "NYIS",
                "parent-name": "New York Independent System Operator",
                "value": "1088",
                "value-units": "megawatthours"
            },
            {
                "period": "2022-03-14T03",
                "subba": "ZONC",
                "subba-name": "Central - NYIS",
                "parent": "NYIS",
                "parent-name": "New York Independent System Operator",
                "value": "1820",
                "value-units": "megawatthours"
            },
            {
                "period": "2022-03-14T03",
                "subba": "ZOND",
                "subba-name": "North - NYIS",
                "parent": "NYIS",
                "parent-name": "New York Independent System Operator",
                "value": "731",
                "value-units": "megawatthours"
            },
            {
                "period": "2022-03-14T03",
                "subba": "ZONE",
                "subba-name": "Mohawk Valley - NYIS",
                "parent": "NYIS",
                "parent-name": "New York Independent System Operator",
                "value": "886",
                "value-units": "megawatthours"
            },
            {
                "period": "2022-03-14T03",
                "subba": "ZONF",
                "subba-name": "Capital - NYIS",
                "parent": "NYIS",
                "parent-name": "New York Independent System Operator",
                "value": "1376",
                "value-units": "megawatthours"
            },
            {
                "period": "2022-03-14T03",
                "subba": "ZONG",
                "subba-name": "Hudson Valley - NYIS",
                "parent": "NYIS",
                "parent-name": "New York Independent System Operator",
                "value": "1119",
                "value-units": "megawatthours"
            },
            {
                "period": "2022-03-14T03",
                "subba": "ZONH",
                "subba-name": "Millwood - NYIS",
                "parent": "NYIS",
                "parent-name": "New York Independent System Operator",
                "value": "347",
                "value-units": "megawatthours"
            },
            {
                "period": "2022-03-14T03",
                "subba": "ZONI",
                "subba-name": "Dunwoodie - NYIS",
                "parent": "NYIS",
                "parent-name": "New York Independent System Operator",
                "value": "643",
                "value-units": "megawatthours"
            },
            {
                "period": "2022-03-14T03",
                "subba": "ZONJ",
                "subba-name": "New York City - NYIS",
                "parent": "NYIS",
                "parent-name": "New York Independent System Operator",
                "value": "5401",
                "value-units": "megawatthours"
            },
            {
                "period": "2022-03-14T03",
                "subba": "ZONK",
                "subba-name": "Long Island - NYIS",
                "parent": "NYIS",
                "parent-name": "New York Independent System Operator",
                "value": "2239",
                "value-units": "megawatthours"
            },
            {
                "period": "2022-03-14T02",
                "subba": "ZONA",
                "subba-name": "West - NYIS",
                "parent": "NYIS",
                "parent-name": "New York Independent System Operator",
                "value": "1790",
                "value-units": "megawatthours"
            },
            {
                "period": "2022-03-14T02",
                "subba": "ZONB",
                "subba-name": "Genesee - NYIS",
                "parent": "NYIS",
                "parent-name": "New York Independent System Operator",
                "value": "1154",
                "value-units": "megawatthours"
            },
            {
                "period": "2022-03-14T02",
                "subba": "ZONC",
                "subba-name": "Central - NYIS",
                "parent": "NYIS",
                "parent-name": "New York Independent System Operator",
                "value": "1907",
                "value-units": "megawatthours"
            },
            {
                "period": "2022-03-14T02",
                "subba": "ZOND",
                "subba-name": "North - NYIS",
                "parent": "NYIS",
                "parent-name": "New York Independent System Operator",
                "value": "751",
                "value-units": "megawatthours"
            },
            {
                "period": "2022-03-14T02",
                "subba": "ZONE",
                "subba-name": "Mohawk Valley - NYIS",
                "parent": "NYIS",
                "parent-name": "New York Independent System Operator",
                "value": "960",
                "value-units": "megawatthours"
            },
            {
                "period": "2022-03-14T02",
                "subba": "ZONF",
                "subba-name": "Capital - NYIS",
                "parent": "NYIS",
                "parent-name": "New York Independent System Operator",
                "value": "1455",
                "value-units": "megawatthours"
            },
            {
                "period": "2022-03-14T02",
                "subba": "ZONG",
                "subba-name": "Hudson Valley - NYIS",
                "parent": "NYIS",
                "parent-name": "New York Independent System Operator",
                "value": "1191",
                "value-units": "megawatthours"
            },
            {
                "period": "2022-03-14T02",
                "subba": "ZONH",
                "subba-name": "Millwood - NYIS",
                "parent": "NYIS",
                "parent-name": "New York Independent System Operator",
                "value": "373",
                "value-units": "megawatthours"
            },
            {
                "period": "2022-03-14T02",
                "subba": "ZONI",
                "subba-name": "Dunwoodie - NYIS",
                "parent": "NYIS",
                "parent-name": "New York Independent System Operator",
                "value": "682",
                "value-units": "megawatthours"
            },
            {
                "period": "2022-03-14T02",
                "subba": "ZONJ",
                "subba-name": "New York City - NYIS",
                "parent": "NYIS",
                "parent-name": "New York Independent System Operator",
                "value": "5640",
                "value-units": "megawatthours"
            },
            {
                "period": "2022-03-14T02",
                "subba": "ZONK",
                "subba-name": "Long Island - NYIS",
                "parent": "NYIS",
                "parent-name": "New York Independent System Operator",
                "value": "2395",
                "value-units": "megawatthours"
            },
            {
                "period": "2022-03-14T01",
                "subba": "ZONA",
                "subba-name": "West - NYIS",
                "parent": "NYIS",
                "parent-name": "New York Independent System Operator",
                "value": "1845",
                "value-units": "megawatthours"
            },
            {
                "period": "2022-03-14T01",
                "subba": "ZONB",
                "subba-name": "Genesee - NYIS",
                "parent": "NYIS",
                "parent-name": "New York Independent System Operator",
                "value": "1207",
                "value-units": "megawatthours"
            },
            {
                "period": "2022-03-14T01",
                "subba": "ZONC",
                "subba-name": "Central - NYIS",
                "parent": "NYIS",
                "parent-name": "New York Independent System Operator",
                "value": "1970",
                "value-units": "megawatthours"
            },
            {
                "period": "2022-03-14T01",
                "subba": "ZOND",
                "subba-name": "North - NYIS",
                "parent": "NYIS",
                "parent-name": "New York Independent System Operator",
                "value": "763",
                "value-units": "megawatthours"
            },
            {
                "period": "2022-03-14T01",
                "subba": "ZONE",
                "subba-name": "Mohawk Valley - NYIS",
                "parent": "NYIS",
                "parent-name": "New York Independent System Operator",
                "value": "1024",
                "value-units": "megawatthours"
            },
            {
                "period": "2022-03-14T01",
                "subba": "ZONF",
                "subba-name": "Capital - NYIS",
                "parent": "NYIS",
                "parent-name": "New York Independent System Operator",
                "value": "1515",
                "value-units": "megawatthours"
            },
            {
                "period": "2022-03-14T01",
                "subba": "ZONG",
                "subba-name": "Hudson Valley - NYIS",
                "parent": "NYIS",
                "parent-name": "New York Independent System Operator",
                "value": "1234",
                "value-units": "megawatthours"
            },
            {
                "period": "2022-03-14T01",
                "subba": "ZONH",
                "subba-name": "Millwood - NYIS",
                "parent": "NYIS",
                "parent-name": "New York Independent System Operator",
                "value": "391",
                "value-units": "megawatthours"
            },
            {
                "period": "2022-03-14T01",
                "subba": "ZONI",
                "subba-name": "Dunwoodie - NYIS",
                "parent": "NYIS",
                "parent-name": "New York Independent System Operator",
                "value": "709",
                "value-units": "megawatthours"
            },
            {
                "period": "2022-03-14T01",
                "subba": "ZONJ",
                "subba-name": "New York City - NYIS",
                "parent": "NYIS",
                "parent-name": "New York Independent System Operator",
                "value": "5774",
                "value-units": "megawatthours"
            },
            {
                "period": "2022-03-14T01",
                "subba": "ZONK",
                "subba-name": "Long Island - NYIS",
                "parent": "NYIS",
                "parent-name": "New York Independent System Operator",
                "value": "2495",
                "value-units": "megawatthours"
            },
            {
                "period": "2022-03-14T00",
                "subba": "ZONA",
                "subba-name": "West - NYIS",
                "parent": "NYIS",
                "parent-name": "New York Independent System Operator",
                "value": "1849",
                "value-units": "megawatthours"
            },
            {
                "period": "2022-03-14T00",
                "subba": "ZONB",
                "subba-name": "Genesee - NYIS",
                "parent": "NYIS",
                "parent-name": "New York Independent System Operator",
                "value": "1224",
                "value-units": "megawatthours"
            },
            {
                "period": "2022-03-14T00",
                "subba": "ZONC",
                "subba-name": "Central - NYIS",
                "parent": "NYIS",
                "parent-name": "New York Independent System Operator",
                "value": "2002",
                "value-units": "megawatthours"
            },
            {
                "period": "2022-03-14T00",
                "subba": "ZOND",
                "subba-name": "North - NYIS",
                "parent": "NYIS",
                "parent-name": "New York Independent System Operator",
                "value": "762",
                "value-units": "megawatthours"
            },
            {
                "period": "2022-03-14T00",
                "subba": "ZONE",
                "subba-name": "Mohawk Valley - NYIS",
                "parent": "NYIS",
                "parent-name": "New York Independent System Operator",
                "value": "1033",
                "value-units": "megawatthours"
            },
            {
                "period": "2022-03-14T00",
                "subba": "ZONF",
                "subba-name": "Capital - NYIS",
                "parent": "NYIS",
                "parent-name": "New York Independent System Operator",
                "value": "1536",
                "value-units": "megawatthours"
            },
            {
                "period": "2022-03-14T00",
                "subba": "ZONG",
                "subba-name": "Hudson Valley - NYIS",
                "parent": "NYIS",
                "parent-name": "New York Independent System Operator",
                "value": "1243",
                "value-units": "megawatthours"
            },
            {
                "period": "2022-03-14T00",
                "subba": "ZONH",
                "subba-name": "Millwood - NYIS",
                "parent": "NYIS",
                "parent-name": "New York Independent System Operator",
                "value": "401",
                "value-units": "megawatthours"
            },
            {
                "period": "2022-03-14T00",
                "subba": "ZONI",
                "subba-name": "Dunwoodie - NYIS",
                "parent": "NYIS",
                "parent-name": "New York Independent System Operator",
                "value": "714",
                "value-units": "megawatthours"
            },
            {
                "period": "2022-03-14T00",
                "subba": "ZONJ",
                "subba-name": "New York City - NYIS",
                "parent": "NYIS",
                "parent-name": "New York Independent System Operator",
                "value": "5831",
                "value-units": "megawatthours"
            },
            {
                "period": "2022-03-14T00",
                "subba": "ZONK",
                "subba-name": "Long Island - NYIS",
                "parent": "NYIS",
                "parent-name": "New York Independent System Operator",
                "value": "2515",
                "value-units": "megawatthours"
            }
        ],
        "description": "Hourly demand by balancing authority subregion.  \n    Source: Form EIA-930\n    Product: Hourly Electric Grid Monitor"
    },
    "request": {
        "command": "/v2/electricity/rto/region-sub-ba-data/data/",
        "params": {
            "frequency": "hourly",
            "data": [
                "value"
            ],
            "sort": [
                {
                    "column": "period",
                    "direction": "desc"
                }
            ],
            "facets": {
                "parent": [
                    "NYIS"
                ]
            },
            "offset": "0",
            "length": "5000",
            "start": "2022-03-14",
            "end": "2022-03-15",
            "api_key": "dqRq8VpXSoyUrCbrPhuYFxGl6Rul9kmVcRshZ98c"
        }
    },
    "apiVersion": "2.1.8",
    "ExcelAddInVersion": "2.1.0"
}